Number,Tools,Repo,Description,Paper,Raw Data,,,
1,NetMHCpan,https://services.healthtech.dtu.dk/service.php,NetMHCpan-4.1,https://academic.oup.com/nar/article/48/W1/W449/5837056,,,,
2,mhcflurry,https://github.com/openvax/mhcflurry,,https://www.sciencedirect.com/science/article/pii/S2405471220302398,https://data.mendeley.com/datasets/zx3kjzc3yx/3,,,
3,SHEPRA,,"Personalis, Inc. Code Not available",https://www.sciencedirect.com/science/article/pii/S1535947621000839,,,,
4,PRIDE database,https://www.ebi.ac.uk/pride/,,https://academic.oup.com/nar/article/47/D1/D442/5160986,,,,
5,MHCrank,https://github.com/ninglab/mhcrank,,https://www.sciencedirect.com/science/article/pii/S2667237522001758,,,,
6,pMTnet,https://github.com/tianshilu/pMTnet,https://dbai.biohpc.swmed.edu/pmtnet/index.php,https://www.nature.com/articles/s42256-021-00383-2,,,,
7,IEDB,https://www.iedb.org/,https://www.iedb.org/,,,,,
8,TCRMatch,https://github.com/IEDB/TCRMatch,,,,,,
9,PEPMatch,https://github.com/IEDB/PEPMatch,,,,,,
10,AXEL-F,,,https://www.cell.com/iscience/fulltext/S2589-0042(22)00120-1,,,,
11,MixMHCpred,https://github.com/GfellerLab/MixMHCpred,,,,,,
12,HLAathena,http://hlathena.tools/,https://pubmed.ncbi.nlm.nih.gov/31844290/,https://pubmed.ncbi.nlm.nih.gov/28228285/,,,,
13,MHCSeqNet,https://github.com/cmb-chula/MHCSeqNet,,https://bmcbioinformatics.biomedcentral.com/articles/10.1186/s12859-019-2892-4,,,,
14,NetTCR,https://github.com/mnielLab/NetTCR-2.0,NetTCR-2.0 enables accurate prediction of TCR-peptide binding by using paired TCRα and β sequence data,https://www.nature.com/articles/s42003-021-02610-3,,,,
15,,,,,,,,
16,,,,,,,,
17,,,,,,,,
18,,,,, ,,,
19,,,,,,,,
20,,,,,,,,
21,,,,,,,,
22,,,,,,,,
23,,,,,,,,
24,,,,,,,,
25,,,,,,,,
26,,,,,,,,
27,,,,,,,,
28,,,,,,,,
29,,,,,,,,
30,,,,,,,,